id,product,price,link
MLA1382011825,Audífonos Inalámbricos Con Cancelacion De Ruido Activa Haxly Muv Color Negro,31999.0,https://www.mercadolibre.com.ar/audifonos-inalambricos-con-cancelacion-de-ruido-activa-haxly-muv-color-negro/p/MLA25416882
MLA1100208917,Auriculares Bluetooth In-ear Gamer F9-5 Negro Inalámbricos,2998.0,https://www.mercadolibre.com.ar/auriculares-bluetooth-in-ear-gamer-f9-5-negro-inalambricos/p/MLA16224063
MLA1366406419,Apple AirPods Pro (2ª Generación) - Distribuidor Autorizado,209999.0,https://www.mercadolibre.com.ar/apple-airpods-pro-2-generacion-distribuidor-autorizado/p/MLA1019623394
MLA1449085246,Auriculares In-ear Inalámbricos A6s Negro,2969.0,https://www.mercadolibre.com.ar/auriculares-in-ear-inalambricos-a6s-negro/p/MLA18592846
MLA1479772226,Auriculares In-ear Gamer Inalámbricos Fan Pro F9-5 Plus Negro Con Luz Led,3611.16,https://www.mercadolibre.com.ar/auriculares-in-ear-gamer-inalambricos-fan-pro-f9-5-plus-negro-con-luz-led/p/MLA26082615
MLA1293265833,Auriculares In-ear Inalámbricos Bluetooth F9-5 Rosa,3449.0,https://www.mercadolibre.com.ar/auriculares-in-ear-inalambricos-bluetooth-f9-5-rosa/p/MLA19480442
MLA1368195865,Shenzhen Yihaotong Technology Genérica Bluetooth F9-5 - Blanco,3032.0,https://www.mercadolibre.com.ar/shenzhen-yihaotong-technology-generica-bluetooth-f9-5-blanco/p/MLA17546621
MLA1373479777,Dongguan Liesheng Electronic Technology Xiaomi Redmi Buds 3 Lite M2110e1 - Negro - 1,13655.0,https://www.mercadolibre.com.ar/dongguan-liesheng-electronic-technology-xiaomi-redmi-buds-3-lite-m2110e1-negro-1/p/MLA19031223
MLA1251731657,Auriculares F95  In-ear Inalámbricos Alpina Powerbank ,3900.0,https://www.mercadolibre.com.ar/auriculares-f95-in-ear-inalambricos-alpina-powerbank/p/MLA19870097
MLA1411030020,Auriculares In-ear Gamer Inalámbricos Tws F9-5 Bth-f9-5 Negro,3056.0,https://www.mercadolibre.com.ar/auriculares-in-ear-gamer-inalambricos-tws-f9-5-bth-f9-5-negro/p/MLA19733102
MLA1439029838,Auriculares Inalambricos A8s Alpina Touch 25 Hs Bateria,4501.0,https://www.mercadolibre.com.ar/auriculares-inalambricos-a8s-alpina-touch-25-hs-bateria/p/MLA23199380
MLA1341742901,Auriculares In-ear Inalámbricos Hifuture Tws Colorbuds Rosa Con Luz Led,19999.0,https://www.mercadolibre.com.ar/auriculares-in-ear-inalambricos-hifuture-tws-colorbuds-rosa-con-luz-led/p/MLA20912342
MLA1375059343,Auriculares Bluetooth Inalámbricos Lenovo Lp40 Pro In Ear,13099.0,https://www.mercadolibre.com.ar/auriculares-bluetooth-inalambricos-lenovo-lp40-pro-in-ear/p/MLA19718145
MLA1322219423,Auriculares In-ear Inalámbricos Alpina Bluetooth A6s Negro,3491.0,https://www.mercadolibre.com.ar/auriculares-in-ear-inalambricos-alpina-bluetooth-a6s-negro/p/MLA19899368
MLA1500422588,Auriculares In-ear Inalámbricos Xiaomi Redmi Airdots Twsej04ls Negro,12500.0,https://www.mercadolibre.com.ar/auriculares-in-ear-inalambricos-xiaomi-redmi-airdots-twsej04ls-negro/p/MLA15283838
MLA1214572841,Auriculares Inalámbricos Jbl Tune 510bt Jblt510bt Negro,44346.0,https://www.mercadolibre.com.ar/auriculares-inalambricos-jbl-tune-510bt-jblt510bt-negro/p/MLA17968066
MLA1449151456,Auriculares Motorola Motobuds 085 Bluetooth Ipx5 Originales Color Negro,22879.12,https://www.mercadolibre.com.ar/auriculares-motorola-motobuds-085-bluetooth-ipx5-originales-color-negro/p/MLA19694277
MLA1374933441,Auriculares Inalámbricos Jbl Tune 510bt Jblt510bt Blanco,37936.0,https://www.mercadolibre.com.ar/auriculares-inalambricos-jbl-tune-510bt-jblt510bt-blanco/p/MLA17968067
MLA1388837527,Audifonos Jbl Tune 770 Bt Headphone Noise Cancelling Over Ea Color Negro,61799.0,https://www.mercadolibre.com.ar/audifonos-jbl-tune-770-bt-headphone-noise-cancelling-over-ea-color-negro/p/MLA27002552
MLA1151461598,Auriculares Inalámbricos Aiwa Aw-bt301 Negro,19333.0,https://www.mercadolibre.com.ar/auriculares-inalambricos-aiwa-aw-bt301-negro/p/MLA19149264
MLA1387197843,Auriculares In-ear Gamer Inalámbricos Xiaomi Redmi Buds 4 Pro M2132e1 Midnight Black,55999.0,https://www.mercadolibre.com.ar/auriculares-in-ear-gamer-inalambricos-xiaomi-redmi-buds-4-pro-m2132e1-midnight-black/p/MLA19903305
MLA1439956034,Auriculares In-ear Inalámbricos Hifuture Tws Colorbuds Black Con Luz Led,19999.0,https://www.mercadolibre.com.ar/auriculares-in-ear-inalambricos-hifuture-tws-colorbuds-black-con-luz-led/p/MLA20912340
MLA1135091651,Auriculares In-ear Gamer Inalámbricos Xiaomi Redmi Buds 3 Lite M2110e1 Blanco,14299.0,https://www.mercadolibre.com.ar/auriculares-in-ear-gamer-inalambricos-xiaomi-redmi-buds-3-lite-m2110e1-blanco/p/MLA19031224
MLA1521381780,Auriculares Inalámbricos Xiaomi Redmi Buds Essential Color Negro,12400.0,https://www.mercadolibre.com.ar/auriculares-inalambricos-xiaomi-redmi-buds-essential-color-negro/p/MLA21361937
MLA1484037278,Shenzhen Yihaotong Technology Genérica Bluetooth F9-5 - Azul Oscuro,3163.0,https://www.mercadolibre.com.ar/shenzhen-yihaotong-technology-generica-bluetooth-f9-5-azul-oscuro/p/MLA19480443
MLA923717599,Auriculares In-ear Inalámbricos Noga Ng-btwins4 Negro,7810.73,https://www.mercadolibre.com.ar/auriculares-in-ear-inalambricos-noga-ng-btwins4-negro/p/MLA15379152
MLA1481467680,Auriculares In-ear Gamer Inalámbricos Haylou Gt Series Gt1 Pro Negro Con Luz Led,15750.0,https://www.mercadolibre.com.ar/auriculares-in-ear-gamer-inalambricos-haylou-gt-series-gt1-pro-negro-con-luz-led/p/MLA15466444
MLA1372532175,Auricular Inalámbrico Orejas De Gato Bluetooth Manos Libres Color Rosa,7713.0,https://www.mercadolibre.com.ar/auricular-inalambrico-orejas-de-gato-bluetooth-manos-libres-color-rosa/p/MLA23566304
MLA1133413113,Genérica F9 - Negro - 1,2962.0,https://www.mercadolibre.com.ar/generica-f9-negro-1/p/MLA18638143
MLA1382289759,Auriculares In-ear Inalámbricos Xiaomi Redmi Buds 3 M2104e1 Blanco Con Luz Led,15699.0,https://www.mercadolibre.com.ar/auriculares-in-ear-inalambricos-xiaomi-redmi-buds-3-m2104e1-blanco-con-luz-led/p/MLA19088986
MLA1416607252,Auriculares In-ear Gamer Inalámbricos Haylou Gt7 Neo Negro,18122.0,https://www.mercadolibre.com.ar/auriculares-in-ear-gamer-inalambricos-haylou-gt7-neo-negro/p/MLA21764696
MLA1500410986,Auriculares In-ear Gamer Inalámbricos Xiaomi Redmi Airdots 2 Twsej061ls Negro,11930.0,https://www.mercadolibre.com.ar/auriculares-in-ear-gamer-inalambricos-xiaomi-redmi-airdots-2-twsej061ls-negro/p/MLA19790754
MLA1100359664,Shenzhen Soundsoul Soundpeats Mac - Negro,22803.0,https://www.mercadolibre.com.ar/shenzhen-soundsoul-soundpeats-mac-negro/p/MLA17771463
MLA1387102958,Apple AirPods Pro (2ª Generación),178214.0,https://www.mercadolibre.com.ar/apple-airpods-pro-2-generacion/p/MLA19623394
MLA1401645668,"Haylou Gt1 2022 Audífonos In-ear Inalámbricos Dual-master Bt5.2, Con Micrófono, Negro, Gt1 2022",15489.0,https://www.mercadolibre.com.ar/haylou-gt1-2022-audifonos-in-ear-inalambricos-dual-master-bt52-con-microfono-negro-gt1-2022/p/MLA19488171
MLA918184567,Auriculares In-ear Gamer Inalámbricos Soundpeats Tws Trueair 2 Black Con Luz Led,25653.0,https://www.mercadolibre.com.ar/auriculares-in-ear-gamer-inalambricos-soundpeats-tws-trueair-2-black-con-luz-led/p/MLA16269805
MLA920534744,Auriculares In-ear Gamer Inalámbricos Soundpeats Tws Trueair 2 White Con Luz Led,25653.0,https://www.mercadolibre.com.ar/auriculares-in-ear-gamer-inalambricos-soundpeats-tws-trueair-2-white-con-luz-led/p/MLA16269806
MLA1394848118,Auriculares In-ear Gamer Inalámbricos Haylou Gt Series Gt7 Negro,17401.0,https://www.mercadolibre.com.ar/auriculares-in-ear-gamer-inalambricos-haylou-gt-series-gt7-negro/p/MLA19031160
MLA1376848677,Auriculares F10 Pro Inalambricos Superior F9-5 Alpina Oficia,5391.0,https://www.mercadolibre.com.ar/auriculares-f10-pro-inalambricos-superior-f9-5-alpina-oficia/p/MLA22449644
MLA1168341253,Auriculares Inalámbricos Bluetooth Mipods A6s Caja Cargadora,2950.0,https://articulo.mercadolibre.com.ar/MLA-1168341253-auriculares-inalambricos-bluetooth-mipods-a6s-caja-cargadora-_JM
MLA1146909496,Auriculares Inalámbricos Xiaomi Redmi Buds 3 Lite Premium,21071.0,https://articulo.mercadolibre.com.ar/MLA-1146909496-auriculares-inalambricos-xiaomi-redmi-buds-3-lite-premium-_JM
MLA1172498468,Auriculares Bluetooth M10 Pro Superior F9-5 Carga Celu,4891.0,https://articulo.mercadolibre.com.ar/MLA-1172498468-auriculares-bluetooth-m10-pro-superior-f9-5-carga-celu-_JM
MLA1159892259,Dongguan Hele Electronics Qcy True Wireless Earbuds Qcy T13 T13 - Negro - 1,19899.0,https://www.mercadolibre.com.ar/dongguan-hele-electronics-qcy-true-wireless-earbuds-qcy-t13-t13-negro-1/p/MLA19037261
MLA1391623598,Auriculares In-ear Inalámbricos Jbl Tune 130nc Tws Negro,59999.0,https://www.mercadolibre.com.ar/auriculares-in-ear-inalambricos-jbl-tune-130nc-tws-negro/p/MLA19031156
MLA1439026738,Auricular Celular Manos Libres Vincha Inalambrico Retractil Color Rojo,4259.29,https://www.mercadolibre.com.ar/auricular-celular-manos-libres-vincha-inalambrico-retractil-color-rojo/p/MLA23986964
MLA1377574477,Auriculares In-ear Gamer Inalámbricos Soundpeats Free2 Classic Negro Con Luz Led,19545.0,https://www.mercadolibre.com.ar/auriculares-in-ear-gamer-inalambricos-soundpeats-free2-classic-negro-con-luz-led/p/MLA20878150
MLA1124812999,Auriculares In-ear Inalambricos Sony Wf-c500 Color Negro,52999.0,https://www.mercadolibre.com.ar/auriculares-in-ear-inalambricos-sony-wf-c500-color-negro/p/MLA18622695
MLA1519602758,Audífonos Inalámbricos Lenovo Lp5 Bluetooth 5.0 Gris,11849.21,https://www.mercadolibre.com.ar/audifonos-inalambricos-lenovo-lp5-bluetooth-50-gris/p/MLA20540687
MLA1387970401,Auriculares Bluetooth Para Apple iPhone 11 12 13 Tws M10,3314.0,https://www.mercadolibre.com.ar/auriculares-bluetooth-para-apple-iphone-11-12-13-tws-m10/p/MLA21823393
MLA1114417439,Auriculares In-ear Inalámbricos Sony 1000x Series Wf-1000xm4 Yy2948 Negro,109999.0,https://www.mercadolibre.com.ar/auriculares-in-ear-inalambricos-sony-1000x-series-wf-1000xm4-yy2948-negro/p/MLA18155224
